{
"東京都新宿区下落合３": [
35.7191358,
139.6999816
],
"東京都文京区千石２-32-6": [
35.7080255,
139.7523066
],
"東京都渋谷区神宮前１": [
35.6705829,
139.7066608
],
"東京都台東区竜泉１": [
35.7253594,
139.7908443
],
"東京都台東区元浅草４": [
35.7089213,
139.7848462
],
"東京都墨田区押上３": [
35.711971,
139.818183
],
"東京都江東区南砂７": [
35.6743164,
139.8262215
],
"東京都江東区塩浜２": [
35.6634824,
139.8077876
],
"東京都江東区南砂７-10-9": [
35.6743164,
139.8262215
],
"東京都江東区豊洲４": [
35.6501423,
139.7931179
],
"東京都江東区新砂３": [
35.6615806,
139.8317778
],
"東京都江東区東雲１": [
35.6441411,
139.8022923
],
"東京都江東区大島２": [
35.6890372,
139.8293526
],
"東京都足立区千住仲町": [
35.7450113,
139.8006657
],
"東京都足立区西新井栄町１-15-14": [
35.7751304,
139.7879781
],
"東京都足立区西新井栄町１": [
35.7751304,
139.7879781
],
"東京都足立区竹の塚６": [
35.7942511,
139.7918556
],
"東京都足立区谷中２": [
35.7785388,
139.8333733
],
"東京都江戸川区船堀４": [
35.6838309,
139.864297
],
"東京都江戸川区西葛西３": [
35.6645795,
139.8593173
],
"東京都江戸川区中葛西５": [
35.6638877,
139.8687474
],
"東京都江戸川区船堀３": [
35.6838309,
139.864297
],
"東京都品川区東品川４": [
35.6172643,
139.7488637
],
"東京都目黒区中央町１": [
35.6303197,
139.6914353
],
"東京都目黒区中央町１-18-9": [
33.3202148,
130.5029315
],
"東京都目黒区中央町１-１８－９": [
33.3202148,
130.5029315
],
"東京都目黒区五本木１": [
35.6412891,
139.6983834
],
"東京都大田区東馬込２-18-10": [
35.5961963,
139.7154876
],
"東京都大田区矢口１": [
35.5639836,
139.6932882
],
"東京都大田区矢口２": [
35.5639836,
139.6932882
],
"東京都大田区中馬込３": [
35.5949455,
139.706635
],
"東京都大田区萩中１": [
35.5511001,
139.7317797
],
"東京都大田区矢口１-13-13": [
35.5639836,
139.6932882
],
"東京都大田区大森本町１": [
35.5828893,
139.7373
],
"東京都世田谷区松原６": [
35.6589853,
139.6500287
],
"東京都世田谷区粕谷２": [
35.6628538,
139.6075808
],
"東京都世田谷区南烏山３": [
35.6689793,
139.6007466
],
"東京都中野区新井５": [
35.7153431,
139.6701011
],
"東京都中野区中央３": [
35.7018835,
139.6754149
],
"東京都杉並区堀ノ内１-８－２": [
35.6865625,
139.650863
],
"東京都杉並区和田３": [
35.6935241,
139.6576038
],
"東京都杉並区堀ノ内２": [
35.6865625,
139.650863
],
"東京都杉並区高井戸西２": [
35.6847034,
139.6121869
],
"東京都杉並区浜田山４": [
35.6816115,
139.6274386
],
"東京都練馬区小竹町１": [
35.7416147,
139.6760684
],
"東京都練馬区氷川台４": [
35.7498203,
139.6650562
],
"東京都練馬区春日町１-１７-１４": [
35.7517409,
139.6413347
],
"東京都練馬区春日町１": [
35.7517409,
139.6413347
],
"東京都練馬区北町２": [
35.7655918,
139.6570357
],
"東京都練馬区東大泉１": [
35.7495045,
139.5865223
],
"東京都練馬区石神井町４": [
35.7436117,
139.6043049
],
"東京都豊島区高田２": [
35.7157717,
139.712324
],
"東京都豊島区長崎２": [
35.7315657,
139.6846593
],
"東京都豊島区長崎２-16-15": [
35.7315657,
139.6846593
],
"東京都北区東十条１": [
35.6583131,
139.7980009
],
"東京都北区王子４": [
35.7539829,
139.7375996
],
"東京都北区岩淵町": [
35.7855026,
139.723336
],
"東京都北区志茂４": [
35.7779045,
139.7325256
],
"東京都北区豊島１": [
35.7630169,
139.7488159
],
"東京都北区豊島１-2-3": [
35.7630169,
139.7488159
],
"東京都板橋区本町": [
35.7598345,
139.708538
],
"東京都板橋区成増２": [
35.777686,
139.6330024
],
"東京都板橋区大山町": [
35.7485391,
139.6997333
],
"東京都板橋区南常盤台１": [
35.7573255,
139.6884023
],
"東京都板橋区坂下３": [
35.7852052,
139.6821549
],
"東京都板橋区坂下１": [
35.7852052,
139.6821549
],
"東京都板橋区清水町": [
35.7648164,
139.7068162
],
"東京都板橋区常盤台１": [
35.761537,
139.6855991
],
"東京都板橋区赤塚２": [
35.7788033,
139.6434642
],
"東京都板橋区幸町": [
35.7445884,
139.6970546
],
"東京都板橋区成増１": [
35.775992,
139.631253
],
"東京都足立区西新井栄町１-１５－１４": [
35.7751304,
139.7879781
],
"東京都江東区大島７": [
35.6899027,
139.8350597
],
"東京都板橋区仲町": [
35.7530064,
139.6975348
],
"東京都江戸川区西葛西３-14-6": [
35.6645795,
139.8593173
],
"東京都練馬区豊玉北４": [
35.7348831,
139.6602943
],
"東京都板橋区仲宿": [
35.7553466,
139.7098504
]
}