{
"東京都新宿区下落合３": [
35.7191358,
139.6999816
],
"東京都文京区千石２-32-6": [
35.7080255,
139.7523066
],
"東京都渋谷区神宮前１": [
35.6705829,
139.7066608
],
"東京都台東区竜泉１": [
35.7253594,
139.7908443
],
"東京都台東区元浅草４": [
35.7089213,
139.7848462
],
"東京都墨田区押上３": [
35.711971,
139.818183
],
"東京都江東区南砂７": [
35.668823,
139.835551
],
"東京都江東区塩浜２": [
35.6634824,
139.8077876
],
"東京都江東区南砂７-10-9": [
35.6743164,
139.8262215
],
"東京都江東区豊洲４": [
35.6501423,
139.7931179
],
"東京都江東区新砂３": [
35.6615806,
139.8317778
],
"東京都江東区東雲１": [
35.6441411,
139.8022923
],
"東京都江東区大島２": [
35.6890372,
139.8293526
],
"東京都足立区千住仲町": [
35.7450113,
139.8006657
],
"東京都足立区西新井栄町１-15-14": [
35.7751304,
139.7879781
],
"東京都足立区西新井栄町１": [
35.7751304,
139.7879781
],
"東京都足立区竹の塚６": [
35.7942511,
139.7918556
],
"東京都足立区谷中２": [
35.7785388,
139.8333733
],
"東京都江戸川区船堀４": [
35.6838309,
139.864297
],
"東京都江戸川区西葛西３": [
35.6645795,
139.8593173
],
"東京都江戸川区中葛西５": [
35.6638877,
139.8687474
],
"東京都江戸川区船堀３": [
35.6838309,
139.864297
],
"東京都品川区東品川４": [
35.6095108,
139.7486177
],
"東京都目黒区中央町１": [
35.6303197,
139.6914353
],
"東京都目黒区中央町１-18-9": [
35.6303197,
139.6914353
],
"東京都目黒区中央町１-１８－９": [
35.6303197,
139.6914353
],
"東京都目黒区五本木１": [
35.6412891,
139.6983834
],
"東京都大田区東馬込２-18-10": [
35.5961963,
139.7154876
],
"東京都大田区矢口１": [
35.5639836,
139.6932882
],
"東京都大田区矢口２": [
35.5639836,
139.6932882
],
"東京都大田区中馬込３": [
35.5949455,
139.706635
],
"東京都大田区萩中１": [
35.5511001,
139.7317797
],
"東京都大田区矢口１-13-13": [
35.5639836,
139.6932882
],
"東京都大田区大森本町１": [
35.5828893,
139.7373
],
"東京都世田谷区松原６": [
35.6589853,
139.6500287
],
"東京都世田谷区粕谷２": [
35.6628538,
139.6075808
],
"東京都世田谷区南烏山３": [
35.6689793,
139.6007466
],
"東京都中野区新井５": [
35.7153431,
139.6701011
],
"東京都中野区中央３": [
35.7018835,
139.6754149
],
"東京都杉並区堀ノ内１-８－２": [
35.6865625,
139.650863
],
"東京都杉並区和田３": [
35.6935241,
139.6576038
],
"東京都杉並区堀ノ内２": [
35.6865625,
139.650863
],
"東京都杉並区高井戸西２": [
35.6847034,
139.6121869
],
"東京都杉並区浜田山４": [
35.6816115,
139.6274386
],
"東京都練馬区小竹町１": [
35.7416147,
139.6760684
],
"東京都練馬区氷川台４": [
35.7498203,
139.6650562
],
"東京都練馬区春日町１-１７-１４": [
35.7517409,
139.6413347
],
"東京都練馬区春日町１": [
35.7517409,
139.6413347
],
"東京都練馬区北町２": [
35.7655918,
139.6570357
],
"東京都練馬区東大泉１": [
35.7495045,
139.5865223
],
"東京都練馬区石神井町４": [
35.7436117,
139.6043049
],
"東京都豊島区高田２": [
35.7157717,
139.712324
],
"東京都豊島区長崎２": [
35.7290124,
139.6920338
],
"東京都豊島区長崎２-16-15": [
35.7315657,
139.6846593
],
"東京都北区東十条１": [
35.7609612,
139.7311443
],
"東京都北区王子４": [
35.7539829,
139.7375996
],
"東京都北区岩淵町": [
35.7855026,
139.723336
],
"東京都北区志茂４": [
35.7779045,
139.7325256
],
"東京都北区豊島１": [
35.7576335,
139.7404504
],
"東京都北区豊島１-2-3": [
35.7630169,
139.7488159
],
"東京都板橋区本町": [
35.7598345,
139.708538
],
"東京都板橋区成増２": [
35.777686,
139.6330024
],
"東京都板橋区大山町": [
35.7485391,
139.6997333
],
"東京都板橋区南常盤台１": [
35.7573255,
139.6884023
],
"東京都板橋区坂下３": [
35.7852052,
139.6821549
],
"東京都板橋区坂下１": [
35.7852052,
139.6821549
],
"東京都板橋区清水町": [
35.7648164,
139.7068162
],
"東京都板橋区常盤台１": [
35.7611227,
139.6900612
],
"東京都板橋区赤塚２": [
35.7788033,
139.6434642
],
"東京都板橋区幸町": [
35.7445884,
139.6970546
],
"東京都板橋区成増１": [
35.775992,
139.631253
],
"東京都足立区西新井栄町１-１５－１４": [
35.7751304,
139.7879781
],
"東京都江東区大島７": [
35.690595,
139.842773
],
"東京都板橋区仲町": [
35.7530064,
139.6975348
],
"東京都江戸川区西葛西３-14-6": [
35.6645795,
139.8593173
],
"東京都練馬区豊玉北４": [
35.7348831,
139.6602943
],
"東京都板橋区仲宿": [
35.7553466,
139.7098504
],
"東京都台東区西浅草３": [
35.7144096,
139.7903283
],
"東京都墨田区緑４-25-1": [
35.693988,
139.8034286
],
"東京都江東区大島３": [
35.6924781,
139.8277217
],
"東京都荒川区西日暮里６": [
35.736172,
139.769456
],
"東京都荒川区荒川５": [
35.738852,
139.77575
],
"東京都荒川区荒川４": [
35.737404,
139.7772062
],
"東京都足立区千住橋戸町": [
35.7408091,
139.7975036
],
"東京都足立区千住東２": [
35.7447389,
139.8046725
],
"東京都葛飾区青戸３": [
35.7458973,
139.8546135
],
"東京都葛飾区新小岩２-１－２１": [
35.7170544,
139.8578694
],
"東京都葛飾区新小岩２": [
35.7170544,
139.8578694
],
"東京都葛飾区立石１": [
35.7416796,
139.8495356
],
"東京都葛飾区東金町１": [
35.7762982,
139.8791437
],
"東京都葛飾区金町６": [
35.7666976,
139.8710689
],
"東京都葛飾区青戸３-27-13": [
35.7504293,
139.8541318
],
"東京都葛飾区東金町３": [
35.7762982,
139.8791437
],
"東京都江戸川区西小岩１": [
35.7338039,
139.8821986
],
"東京都江戸川区南小岩８": [
35.73167,
139.885317
],
"東京都江戸川区南小岩６": [
35.7305848,
139.8790107
],
"東京都大田区蒲田本町１": [
35.5582943,
139.7182027
],
"東京都杉並区阿佐谷南３": [
35.7040634,
139.6352555
],
"東京都杉並区桃井２": [
35.7134088,
139.6086647
],
"東京都杉並区阿佐谷南３-26-15": [
35.7020498,
139.6373057
],
"東京都練馬区関町南３": [
35.722974,
139.5806268
],
"東京都練馬区立野町": [
35.7161614,
139.5809489
],
"東京都北区赤羽北２": [
35.7862869,
139.7103797
],
"東京都北区王子５": [
35.764854,
139.735301
],
"東京都北区浮間１": [
35.7905901,
139.7004698
],
"東京都北区豊島１-２－３": [
35.7630169,
139.7488159
],
"東京都目黒区中央町1丁目18-9": [
35.6303197,
139.6914353
],
"東京都新宿区北新宿３-40-14": [
35.7026486,
139.6912278
],
"東京都杉並区永福3丁目32-2": [
35.6769648,
139.641321
],
"東京都江戸川区船堀4丁目": [
35.6839,
139.866969
],
"東京都豊島区高田2丁目": [
35.7160319,
139.7140038
],
"東京都江戸川区東葛西9丁目": [
35.6543988,
139.8843764
],
"東京都荒川区荒川4丁目": [
35.737978,
139.779571
],
"東京都江東区南砂7丁目10-9": [
35.6743164,
139.8262215
],
"東京都世田谷区粕谷1丁目16": [
35.6628538,
139.6075808
],
"東京都葛飾区青戸3丁目27-13": [
35.7504293,
139.8541318
],
"東京都荒川区西日暮里6丁目14-13": [
35.7322021,
139.7666684
],
"東京都江戸川区西葛西3丁目14-6": [
35.6645795,
139.8593173
],
"東京都江戸川区西葛西3丁目": [
35.6674208,
139.8580746
],
"東京都中野区中央3丁目": [
35.6998911,
139.6736607
],
"東京都大田区矢口1丁目13": [
35.5639836,
139.6932882
],
"東京都台東区西浅草3丁目28-9": [
35.7144096,
139.7903283
],
"東京都大田区矢口1丁目": [
35.5672648,
139.6925515
],
"東京都港区三田１": [
35.6540335,
139.7441783
],
"東京都世田谷区新町３": [
35.6315802,
139.6425255
],
"東京都練馬区栄町": [
35.7385391,
139.669504
],
"東京都足立区千住河原町": [
35.7431895,
139.7990088
],
"東京都千代田区三番町": [
35.690557,
139.743591
],
"東京都江東区有明２": [
35.6380581,
139.7950577
],
"東京都杉並区高円寺南１": [
35.700703,
139.639985
],
"東京都千代田区麹町１": [
35.6833509,
139.7437121
],
"東京都新宿区四谷１": [
35.6879723,
139.7278928
],
"東京都新宿区横寺町": [
35.7019549,
139.7353911
],
"東京都板橋区中丸町": [
35.7415038,
139.7041659
],
"東京都中野区中野４": [
35.7077005,
139.6629508
],
"東京都港区芝５丁目": [
35.647148,
139.7469836
],
"東京都練馬区石神井町１丁目": [
35.741249,
139.611557
],
"東京都港区六本木３丁目": [
35.6642677,
139.7367758
],
"東京都板橋区徳丸３丁目": [
35.7725274,
139.6578236
],
"東京都北区赤羽台１丁目": [
35.778271,
139.715575
],
"東京都台東区根岸３丁目": [
35.7227042,
139.7816223
],
"東京都荒川区西日暮里２丁目": [
35.730395,
139.771031
],
"東京都板橋区板橋２丁目": [
35.748165,
139.711087
],
"東京都中央区日本橋人形町２丁目": [
35.686137,
139.784749
],
"東京都江東区南砂３丁目": [
35.670909,
139.830018
],
"東京都足立区谷中４丁目": [
35.7818487,
139.8315489
],
"東京都杉並区高円寺南４丁目": [
35.70417,
139.6527502
],
"東京都練馬区上石神井４丁目": [
35.728755,
139.586753
],
"東京都品川区中延５丁目": [
35.6024391,
139.7082042
],
"東京都台東区柳橋２丁目": [
35.6986832,
139.7896756
],
"東京都品川区東品川２丁目": [
35.6215645,
139.7503075
],
"東京都中央区日本橋人形町３丁目": [
35.686653,
139.781547
],
"東京都品川区荏原７丁目": [
35.6110721,
139.7003487
],
"東京都豊島区巣鴨３丁目": [
35.7341105,
139.7353515
],
"東京都文京区大塚２丁目": [
35.7192288,
139.7317895
],
"東京都文京区白山５丁目": [
35.7234816,
139.7502592
],
"東京都練馬区関町南２丁目": [
35.71755,
139.583934
],
"東京都北区神谷２丁目": [
35.7723515,
139.7278923
],
"東京都荒川区町屋２丁目": [
35.743694,
139.7769975
],
"東京都板橋区上板橋２丁目": [
35.7639866,
139.672853
],
"東京都杉並区永福３丁目": [
35.6764787,
139.6375126
],
"東京都大田区下丸子４丁目": [
35.5692895,
139.6795025
],
"東京都大田区千鳥１丁目": [
35.572462,
139.6945452
],
"東京都北区赤羽２丁目": [
35.7798362,
139.7244803
],
"東京都品川区南品川５丁目": [
35.6098825,
139.7409412
],
"東京都新宿区西新宿８丁目": [
35.6957829,
139.6930571
],
"東京都大田区池上４丁目": [
35.5745343,
139.7067739
],
"東京都板橋区上板橋１丁目": [
35.7615715,
139.6773088
],
"東京都渋谷区笹塚１丁目": [
35.6735852,
139.6684438
],
"東京都大田区山王３丁目": [
35.5840651,
139.7228846
],
"東京都千代田区神田多町2丁目": [
35.693856,
139.769189
],
"東京都港区三田1丁目": [
35.6537504,
139.7416761
],
"東京都港区白金台3丁目": [
35.6360557,
139.7256848
],
"東京都港区新橋6丁目": [
35.661548,
139.7544341
],
"東京都新宿区西新宿56-1": [
35.6923239,
139.6967102
],
"東京都新宿区西新宿5丁目": [
35.6898839,
139.6845183
],
"東京都文京区本郷1丁目": [
35.7050564,
139.756785
],
"東京都豊島区南池袋1丁目": [
35.7268304,
139.7106565
],
"東京都港区港南４": [
35.6301291,
139.7507521
],
"東京都台東区竜泉３": [
35.7253594,
139.7908443
],
"東京都台東区松が谷２": [
35.7152237,
139.7868927
],
"東京都台東区西浅草３-２７－２３": [
35.7144096,
139.7903283
],
"東京都墨田区堤通１": [
35.7316247,
139.813188
],