{
"品川": [
35.6274838,
139.7377655
],
"東中野": [
35.7062442,
139.6832762
],
"原宿": [
35.6702,
139.7027
],
"三ノ輪": [
35.729978,
139.7918951
],
"上野": [
35.7140413,
139.7771164
],
"田原町": [
35.709842,
139.7907747
],
"曳舟": [
35.7183056,
139.8167501
],
"錦糸町": [
35.6963122,
139.8150431
],
"南砂町": [
35.6683446,
139.8318642
],
"東大島": [
35.6889178,
139.8497956
],
"辰巳": [
35.646756,
139.809295
],
"東陽町": [
35.6695961,
139.8174761
],
"大島": [
35.6897695,
139.835076
],
"有明テニスの森": [
35.6401034,
139.7887923
],
"潮見": [
35.658703,
139.817251
],
"東雲": [
35.640736,
139.804331
],
"亀戸": [
35.6976987,
139.827138
],
"西大島": [
35.6895108,
139.8269603
],
"押上": [
35.7105913,
139.8132067
],
"西日暮里": [
35.7319319,
139.7659339
],
"新三河島": [
35.7373123,
139.7741158
],
"京成関屋": [
35.7439951,
139.8117763
],
"南千住": [
35.7328935,
139.7992252
],
"町屋": [
35.7421665,
139.7813906
],
"日暮里": [
35.7280064,
139.7713776
],
"北千住": [
35.7502577,
139.8043853
],
"千住大橋": [
35.7424328,
139.7970887
],
"西新井": [
35.7760518,
139.7894543
],
"竹ノ塚": [
35.7944805,
139.7908431
],
"北綾瀬": [
35.7763112,
139.8320505
],
"新小岩": [
35.7167909,
139.8582645
],
"青砥": [
35.7455654,
139.8561184
],
"金町": [
35.7695843,
139.8706926
],
"京成金町": [
35.7686276,
139.8704721
],
"船堀": [
35.6844578,
139.8640396
],
"西葛西": [
35.6645795,
139.8593173
],
"小岩": [
35.7326623,
139.8816182
],
"葛西": [
35.6642465,
139.873309
],
"平井": [
35.7067489,
139.842554
],
"武蔵小山": [
35.6202002,
139.703828
],
"品川シーサイド": [
35.6097199,
139.7498775
],
"学芸大学": [
35.6298732,
139.6862161
],
"馬込": [
35.5967788,
139.7119274
],
"大鳥居": [
35.5525832,
139.7393233
],
"六郷土手": [
35.5406578,
139.7076671
],
"蒲田": [
35.56157,
139.7180846
],
"矢口渡": [
35.5625766,
139.7002588
],
"武蔵新田": [
35.5681471,
139.6926265
],
"糀谷": [
35.5544534,
139.7293033
],
"西馬込": [
35.5872987,
139.7063115
],
"大森海岸": [
35.5873848,
139.7342973
],
"千歳船橋": [
35.6473185,
139.6215467
],
"梅ヶ丘": [
35.6560059,
139.6535807
],
"祖師ヶ谷大蔵": [
35.6427365,
139.6094958
],
"芦花公園": [
35.6705822,
139.6083951
],
"桜新町": [
35.6317241,
139.6453688
],
"新井薬師前": [
35.7159804,
139.6706552
],
"新江古田": [
35.7336076,
139.6711624
],
"阿佐ケ谷": [
35.7046538,
139.6365111
],
"高井戸": [
35.6833662,
139.6155134
],
"井荻": [
35.7247476,
139.6148551
],
"西永福": [
35.6787507,
139.6354902
],
"東高円寺": [
35.6978043,
139.6577966
],
"練馬高野台": [
35.7409798,
139.6165113
],
"東武練馬": [
35.768686,
139.66267
],
"大泉学園": [
35.7496263,
139.5850661
],
"中村橋": [
35.736045,
139.6380061
],
"練馬春日町": [
35.751398,
139.6403755
],
"練馬": [
35.7361081,
139.6521199
],
"都立家政": [
35.7224188,
139.6446653
],
"石神井公園": [
35.7434548,
139.6069909
],
"落合南長崎": [
35.7225709,
139.683094
],
"雑司が谷": [
35.7198086,
139.7141458
],
"椎名町": [
35.7264476,
139.6948922
],
"北赤羽": [
35.7866964,
139.7061831
],
"田端": [
35.7383219,
139.7606875
],
"王子神谷": [
35.7658201,
139.7357188
],
"王子": [
35.7554462,
139.7371227
],
"東十条": [
35.7638484,
139.7268749
],
"駒込": [
35.7365998,
139.7470505
],
"赤羽岩淵": [
35.7832719,
139.7221826
],
"志茂": [
35.7779043,
139.7324055
],
"十条": [
35.7592219,
139.7228546
],
"板橋本町": [
35.7614305,
139.7055249
],
"地下鉄成増": [
35.7758799,
139.6330045
],
"板橋区役所前": [
35.7513477,
139.71004
],
"蓮根": [
35.784594,
139.6802189
],
"ときわ台": [
35.7590265,
139.6895263
],
"下板橋": [
35.7456622,
139.714912
],
"大山": [
35.748735,
139.7026702
],
"志村坂上": [
35.7751437,
139.6957299
],
"小竹向原": [
35.7433734,
139.6795267
]
}