{
  "品川": [
    35.6274838,
    139.7377655
  ],
  "東中野": [
    35.7062442,
    139.6832762
  ],
  "原宿": [
    35.6702,
    139.7027
  ],
  "三ノ輪": [
    35.729978,
    139.7918951
  ],
  "上野": [
    35.7140413,
    139.7771164
  ],
  "田原町": [
    35.709842,
    139.7907747
  ],
  "曳舟": [
    35.7183056,
    139.8167501
  ],
  "錦糸町": [
    35.6963122,
    139.8150431
  ],
  "南砂町": [
    35.6683446,
    139.8318642
  ],
  "東大島": [
    35.6889178,
    139.8497956
  ],
  "辰巳": [
    35.646756,
    139.809295
  ],
  "東陽町": [
    35.6695961,
    139.8174761
  ],
  "大島": [
    35.6897695,
    139.835076
  ],
  "有明テニスの森": [
    35.6401034,
    139.7887923
  ],
  "潮見": [
    35.658703,
    139.817251
  ],
  "東雲": [
    35.640736,
    139.804331
  ],
  "亀戸": [
    35.6976987,
    139.827138
  ],
  "西大島": [
    35.6895108,
    139.8269603
  ],
  "押上": [
    35.7105913,
    139.8132067
  ],
  "西日暮里": [
    35.7319319,
    139.7659339
  ],
  "新三河島": [
    35.7373123,
    139.7741158
  ],
  "京成関屋": [
    35.7439951,
    139.8117763
  ],
  "南千住": [
    35.7328935,
    139.7992252
  ],
  "町屋": [
    35.7421665,
    139.7813906
  ],
  "日暮里": [
    35.7280064,
    139.7713776
  ],
  "北千住": [
    35.7502577,
    139.8043853
  ],
  "千住大橋": [
    35.7424328,
    139.7970887
  ],
  "西新井": [
    35.7760518,
    139.7894543
  ],
  "竹ノ塚": [
    35.7944805,
    139.7908431
  ],
  "北綾瀬": [
    35.7763112,
    139.8320505
  ],
  "新小岩": [
    35.7167909,
    139.8582645
  ],
  "青砥": [
    35.7455654,
    139.8561184
  ],
  "金町": [
    35.7695843,
    139.8706926
  ],
  "京成金町": [
    35.7686276,
    139.8704721
  ],
  "船堀": [
    35.6844578,
    139.8640396
  ],
  "西葛西": [
    35.6645795,
    139.8593173
  ],
  "小岩": [
    35.7326623,
    139.8816182
  ],
  "葛西": [
    35.6642465,
    139.873309
  ],
  "平井": [
    35.7067489,
    139.842554
  ],
  "武蔵小山": [
    35.6202002,
    139.703828
  ],
  "品川シーサイド": [
    35.6097199,
    139.7498775
  ],
  "学芸大学": [
    35.6298732,
    139.6862161
  ],
  "馬込": [
    35.5967788,
    139.7119274
  ],
  "大鳥居": [
    35.5525832,
    139.7393233
  ],
  "六郷土手": [
    35.5406578,
    139.7076671
  ],
  "蒲田": [
    35.56157,
    139.7180846
  ],
  "矢口渡": [
    35.5625766,
    139.7002588
  ],
  "武蔵新田": [
    35.5681471,
    139.6926265
  ],
  "糀谷": [
    35.5544534,
    139.7293033
  ],
  "西馬込": [
    35.5872987,
    139.7063115
  ],
  "大森海岸": [
    35.5873848,
    139.7342973
  ],
  "千歳船橋": [
    35.6473185,
    139.6215467
  ],
  "梅ヶ丘": [
    35.6560059,
    139.6535807
  ],
  "祖師ヶ谷大蔵": [
    35.6427365,
    139.6094958
  ],
  "芦花公園": [
    35.6705822,
    139.6083951
  ],
  "桜新町": [
    35.6317241,
    139.6453688
  ],
  "新井薬師前": [
    35.7159804,
    139.6706552
  ],
  "新江古田": [
    35.7336076,
    139.6711624
  ],
  "阿佐ケ谷": [
    35.7046538,
    139.6365111
  ],
  "高井戸": [
    35.6833662,
    139.6155134
  ],
  "井荻": [
    35.7247476,
    139.6148551
  ],
  "西永福": [
    35.6787507,
    139.6354902
  ],
  "東高円寺": [
    35.6978043,
    139.6577966
  ],
  "練馬高野台": [
    35.7409798,
    139.6165113
  ],
  "東武練馬": [
    35.768686,
    139.66267
  ],
  "大泉学園": [
    35.7496263,
    139.5850661
  ],
  "中村橋": [
    35.736045,
    139.6380061
  ],
  "練馬春日町": [
    35.751398,
    139.6403755
  ],
  "練馬": [
    35.7361081,
    139.6521199
  ],
  "都立家政": [
    35.7224188,
    139.6446653
  ],
  "石神井公園": [
    35.7434548,
    139.6069909
  ],
  "落合南長崎": [
    35.7225709,
    139.683094
  ],
  "雑司が谷": [
    35.7198086,
    139.7141458
  ],
  "椎名町": [
    35.7264476,
    139.6948922
  ],
  "北赤羽": [
    35.7866964,
    139.7061831
  ],
  "田端": [
    35.7383219,
    139.7606875
  ],
  "王子神谷": [
    35.7658201,
    139.7357188
  ],
  "王子": [
    35.7554462,
    139.7371227
  ],
  "東十条": [
    35.7638484,
    139.7268749
  ],
  "駒込": [
    35.7365998,
    139.7470505
  ],
  "赤羽岩淵": [
    35.7832719,
    139.7221826
  ],
  "志茂": [
    35.7779043,
    139.7324055
  ],
  "十条": [
    35.7592219,
    139.7228546
  ],
  "板橋本町": [
    35.7614305,
    139.7055249
  ],
  "地下鉄成増": [
    35.7758799,
    139.6330045
  ],
  "板橋区役所前": [
    35.7513477,
    139.71004
  ],
  "蓮根": [
    35.784594,
    139.6802189
  ],
  "ときわ台": [
    35.7590265,
    139.6895263
  ],
  "下板橋": [
    35.7456622,
    139.714912
  ],
  "大山": [
    35.748735,
    139.7026702
  ],
  "志村坂上": [
    35.7751437,
    139.6957299
  ],
  "小竹向原": [
    35.7433734,
    139.6795267
  ],
  "西新宿五丁目": [
    35.6898839,
    139.6845183
  ],
  "高田馬場": [
    35.7134826,
    139.7044742
  ],
  "牛込柳町": [
    35.6994561,
    139.7255744
  ],
  "下落合": [
    35.7157663,
    139.6954383
  ],
  "若松河田": [
    35.6994361,
    139.7185442
  ],
  "後楽園": [
    35.7073372,
    139.7512155
  ],
  "千石": [
    35.7275882,
    139.7457048
  ],
  "江戸川橋": [
    35.7091319,
    139.734188
  ],
  "春日": [
    35.7084896,
    139.7527409
  ],
  "笹塚": [
    35.6737284,
    139.6673632
  ],
  "浅草": [
    35.708959,
    139.7965668
  ],
  "新御徒町": [
    35.7070114,
    139.7820289
  ],
  "森下": [
    35.6879977,
    139.7970443
  ],
  "両国": [
    35.6957916,
    139.793364
  ],
  "木場": [
    35.669416,
    139.8065455
  ],
  "豊洲": [
    35.6564008,
    139.7952304
  ],
  "住吉": [
    35.6889959,
    139.8156854
  ],
  "鶯谷": [
    35.7217035,
    139.7779166
  ],
  "目黒": [
    35.6340669,
    139.7157332
  ],
  "西小山": [
    35.61547,
    139.6987365
  ],
  "都立大学": [
    35.6175433,
    139.676184
  ],
  "池上": [
    35.5720205,
    139.703049
  ],
  "八幡山": [
    35.6698828,
    139.6157094
  ],
  "駒沢大学": [
    35.6331934,
    139.6611562
  ],
  "用賀": [
    35.6266472,
    139.6341544
  ],
  "二子玉川": [
    35.6117897,
    139.6268002
  ],
  "新中野": [
    35.6974599,
    139.6686428
  ],
  "中野富士見町": [
    35.6905641,
    139.6670329
  ],
  "中野新橋": [
    35.6918249,
    139.6736886
  ],
  "中野": [
    35.7058302,
    139.665633
  ],
  "落合": [
    35.7106637,
    139.6859133
  ],
  "方南町": [
    35.6835007,
    139.6576888
  ],
  "西荻窪": [
    35.7037331,
    139.5996053
  ],
  "板橋": [
    35.7453955,
    139.7195098
  ],
  "目白": [
    35.7211919,
    139.7064645
  ],
  "尾久": [
    35.7469091,
    139.7536603
  ],
  "赤羽": [
    35.7781394,
    139.7207999
  ],
  "新板橋": [
    35.7487966,
    139.7199032
  ],
  "勝どき": [
    35.6589623,
    139.7771747
  ],
  "月島": [
    35.664645,
    139.7845639
  ],
  "八丁堀": [
    35.6746238,
    139.7776565
  ],
  "麻布十番": [
    35.6538726,
    139.7367436
  ],
  "天王洲アイル": [
    35.6227359,
    139.7507947
  ],
  "千駄木": [
    35.7252448,
    139.7632672
  ],
  "本駒込": [
    35.7247631,
    139.7537008
  ],
  "信濃町": [
    35.6800236,
    139.7204947
  ],
  "西新宿": [
    35.6944315,
    139.6927667
  ],
  "早稲田": [
    35.7058028,
    139.721191
  ],
  "曙橋": [
    35.6925448,
    139.7233489
  ],
  "牛田": [
    35.7446629,
    139.8121358
  ],
  "綾瀬": [
    35.7621283,
    139.8248669
  ],
  "入谷": [
    35.7205694,
    139.784684
  ],
  "大井競馬場前": [
    35.5951297,
    139.7470566
  ],
  "祐天寺": [
    35.6375747,
    139.6910072
  ],
  "有明": [
    35.6345562,
    139.7932562
  ],
  "南阿佐ケ谷": [
    35.6993987,
    139.6357088
  ],
  "上板橋": [
    35.763474,
    139.6765427
  ],
  "西台": [
    35.7869663,
    139.6740221
  ],
  "千川": [
    35.7383242,
    139.689366
  ],
  "面影橋": [
    35.7130061,
    139.714259
  ],
  "池袋": [
    35.7312289,
    139.7084087
  ],
  "西巣鴨": [
    35.7435537,
    139.7286973
  ],
  "新大塚": [
    35.7257823,
    139.7299234
  ],
  "松原": [
    35.6601167,
    139.641968
  ],
  "水天宮前": [
    35.6825235,
    139.7856405
  ],
  "三田": [
    35.6476619,
    139.7483983
  ],
  "半蔵門": [
    35.6852213,
    139.7415832
  ],
  "人形町": [
    35.6862799,
    139.7821879
  ],
  "牛込神楽坂": [
    35.7009139,
    139.7359501
  ],
  "新大久保": [
    35.7013007,
    139.7002421
  ],
  "大久保": [
    35.7007776,
    139.6973178
  ],
  "下丸子": [
    35.5713856,
    139.6855952
  ],
  "立会川": [
    35.5986986,
    139.7389803
  ],
  "上北沢": [
    35.668743,
    139.623425
  ],
  "千歳烏山": [
    35.6680037,
    139.6008523
  ],